{
  "Bible (KJV)": {
    "nature": {
      "mean": 0.08876976907625794,
      "median": 0.07503005862236023
    }
  },
  "Torah (JPS 1917)": {
    "nature": {
      "mean": 0.14471175968004713,
      "median": 0.13314329832792282
    }
  },
  "Quran (Rodwell)": {
    "nature": {
      "mean": 0.08438373211618155,
      "median": 0.08257706835865974
    }
  }
}