{
  "Bible (KJV)": {
    "hope": {
      "mean": 0.22125421446561813,
      "median": 0.2179676592350006
    },
    "despair": {
      "mean": 0.1897336808517575,
      "median": 0.19136537611484528
    },
    "comparison": {
      "pct_hope": 73.6,
      "pct_despair": 26.400000000000002
    }
  },
  "Torah (JPS 1917)": {
    "hope": {
      "mean": 0.2220600276286232,
      "median": 0.21830397844314575
    },
    "despair": {
      "mean": 0.20789335282712146,
      "median": 0.20064233988523483
    },
    "comparison": {
      "pct_hope": 56.03448275862068,
      "pct_despair": 43.96551724137931
    }
  },
  "Quran (Rodwell)": {
    "hope": {
      "mean": 0.2060442075184355,
      "median": 0.2106240764260292
    },
    "despair": {
      "mean": 0.1998306711855,
      "median": 0.20755011588335037
    },
    "comparison": {
      "pct_hope": 51.369863013698634,
      "pct_despair": 48.63013698630137
    }
  }
}