{
  "Bible (KJV)": {
    "love": {
      "mean": 0.13998996608704328,
      "median": 0.13940522074699402
    },
    "fear": {
      "mean": 0.12967098417133094,
      "median": 0.13021588325500488
    },
    "comparison": {
      "pct_love": 58.4,
      "pct_fear": 41.6
    }
  },
  "Torah (JPS 1917)": {
    "love": {
      "mean": 0.16071482580797425,
      "median": 0.15373093634843826
    },
    "fear": {
      "mean": 0.13802428121261043,
      "median": 0.1355871707201004
    },
    "comparison": {
      "pct_love": 70.6896551724138,
      "pct_fear": 29.310344827586203
    }
  },
  "Quran (Rodwell)": {
    "love": {
      "mean": 0.13261610485791955,
      "median": 0.13667535781860352
    },
    "fear": {
      "mean": 0.14805644883276664,
      "median": 0.15211094170808792
    },
    "comparison": {
      "pct_love": 35.61643835616438,
      "pct_fear": 64.38356164383562
    }
  }
}