{
  "Bible (KJV)": {
    "peace": {
      "mean": 0.1293681997731328,
      "median": 0.12990890443325043
    },
    "war": {
      "mean": 0.12362675926089287,
      "median": 0.11955930292606354
    },
    "comparison": {
      "pct_peace": 49.6,
      "pct_war": 50.4
    }
  },
  "Torah (JPS 1917)": {
    "peace": {
      "mean": 0.14363791843362408,
      "median": 0.13440407067537308
    },
    "war": {
      "mean": 0.14446734293396102,
      "median": 0.13807880878448486
    },
    "comparison": {
      "pct_peace": 47.41379310344828,
      "pct_war": 52.58620689655172
    }
  },
  "Quran (Rodwell)": {
    "peace": {
      "mean": 0.16281174685908098,
      "median": 0.16421955823898315
    },
    "war": {
      "mean": 0.14187266072896246,
      "median": 0.13805902749300003
    },
    "comparison": {
      "pct_peace": 73.97260273972603,
      "pct_war": 26.027397260273972
    }
  }
}