{
  "Bible (KJV)": {
    "wealth": {
      "mean": 0.0701045836955309,
      "median": 0.06865401566028595
    },
    "poverty": {
      "mean": 0.07861603402718902,
      "median": 0.07562056183815002
    },
    "comparison": {
      "pct_wealth": 45.6,
      "pct_poverty": 54.400000000000006
    }
  },
  "Torah (JPS 1917)": {
    "wealth": {
      "mean": 0.11309631571077325,
      "median": 0.11534300819039345
    },
    "poverty": {
      "mean": 0.11741489337371855,
      "median": 0.10593712702393532
    },
    "comparison": {
      "pct_wealth": 42.241379310344826,
      "pct_poverty": 57.758620689655174
    }
  },
  "Quran (Rodwell)": {
    "wealth": {
      "mean": 0.08143339641647387,
      "median": 0.07702448591589928
    },
    "poverty": {
      "mean": 0.09366449636522017,
      "median": 0.09072055667638779
    },
    "comparison": {
      "pct_wealth": 37.67123287671233,
      "pct_poverty": 62.328767123287676
    }
  }
}