{
  "Bible (KJV)": {
    "feminine": {
      "mean": 0.10360613206773997,
      "median": 0.09803047776222229
    }
  },
  "Torah (JPS 1917)": {
    "feminine": {
      "mean": 0.15004904168368927,
      "median": 0.14748254418373108
    }
  },
  "Quran (Rodwell)": {
    "feminine": {
      "mean": 0.11278775494469151,
      "median": 0.09959825128316879
    }
  }
}